[{"id":"ef8f7d45.1dfdc","type":"tab","label":"Flow 2","disabled":false,"info":""},{"id":"1710cef8.1540a1","type":"function","z":"ef8f7d45.1dfdc","name":"parameters","func":"global.set(\"op1\",msg.payload.op1)\nglobal.set(\"op2\",msg.payload.op2)\nglobal.set(\"age\",msg.payload.age)\nglobal.set(\"workclass\",msg.payload.workclass)\nglobal.set(\"education\",msg.payload.education)\nglobal.set(\"sex\",msg.payload.sex)\nglobal.set(\"capitalgain\",msg.payload.capitalgain)\nglobal.set(\"capitalloss\",msg.payload.capitalloss)\nglobal.set(\"hoursperweek\",msg.payload.hoursperweek)\nreturn msg;","outputs":1,"noerr":0,"x":155,"y":149,"wires":[["68ac3111.294fb","b41d5406.6c6178"]]},{"id":"68ac3111.294fb","type":"http request","z":"ef8f7d45.1dfdc","name":"","method":"GET","ret":"obj","paytoqs":false,"url":"https://eu-gb.ml.cloud.ibm.com/v3/identity/token","tls":"","proxy":"","authType":"basic","x":235,"y":329,"wires":[["a59c9bb4.9b1a88","32234c6a.36dd84"]]},{"id":"a59c9bb4.9b1a88","type":"debug","z":"ef8f7d45.1dfdc","name":"","active":true,"tosidebar":true,"console":false,"tostatus":false,"complete":"payload","targetType":"msg","x":455,"y":389,"wires":[]},{"id":"f5e53c71.b5fb8","type":"http request","z":"ef8f7d45.1dfdc","name":"","method":"POST","ret":"obj","paytoqs":false,"url":"https://eu-gb.ml.cloud.ibm.com/v3/wml_instances/0482d021-52cd-4566-b9d7-54b41fd5965c/deployments/7fce675c-93a5-47f0-9de8-4ee0b7cd12e0/online","tls":"","proxy":"","authType":"basic","x":510,"y":120,"wires":[["61072ad.cdea5d4","87bde7.e48dc218"]]},{"id":"61072ad.cdea5d4","type":"debug","z":"ef8f7d45.1dfdc","name":"","active":true,"tosidebar":true,"console":false,"tostatus":false,"complete":"payload","targetType":"msg","x":630,"y":60,"wires":[]},{"id":"87bde7.e48dc218","type":"function","z":"ef8f7d45.1dfdc","name":"","func":"msg.payload=msg.payload.values[0][0]\nif(msg.payload=== 0)\n{\n    msg.payload = \"Income predicted Less than 50k\"\n}\nelse if(msg.payload=== 1)\n{\n    msg.payload = \"Income predicted more than 50k\"\n}\nreturn msg;","outputs":1,"noerr":0,"x":635,"y":269,"wires":[["9b72a252.18907"]]},{"id":"32234c6a.36dd84","type":"function","z":"ef8f7d45.1dfdc","name":"prediction","func":"var token = msg.payload.token\nvar op1=global.get('op1')\nvar op2=global.get('op2')\nvar age=global.get('age')\nvar workclass=global.get('workclass')\nvar education=global.get('education')\nvar sex=global.get('sex')\nvar capitalgain=global.get('capitalgain')\nvar capitalloss=global.get('capitalloss')\nvar hoursperweek=global.get('hoursperweek')\nmsg.payload ={\"fields\":[\"op1\",'op2','age',\"`workclass\",\"education\",\"sex\",\"capitalgain\",\"capitalloss\",\"hoursperweek\"],values:[[op1,op2,age,workclass,education,sex,capitalgain,capitalloss,hoursperweek]]}\nmsg.headers={\"Authorization\":\"Bearer \"+token}\nreturn msg;\n","outputs":1,"noerr":0,"x":325,"y":189,"wires":[["f5e53c71.b5fb8","7f1f884d.615838"]]},{"id":"9b72a252.18907","type":"ui_text","z":"ef8f7d45.1dfdc","group":"49a50b77.c21b04","order":2,"width":0,"height":0,"name":"","label":"Predicition","format":"{{msg.payload}}","layout":"row-spread","x":835,"y":329,"wires":[]},{"id":"f7f47261.4a755","type":"ui_form","z":"ef8f7d45.1dfdc","name":"","label":"","group":"49a50b77.c21b04","order":1,"width":0,"height":0,"options":[{"label":"op1","value":"op1","type":"number","required":true},{"label":"op2","value":"op2","type":"number","required":true},{"label":"age","value":"age","type":"number","required":true},{"label":"workclass","value":"workclass","type":"number","required":true},{"label":"education","value":"education","type":"number","required":true},{"label":"sex","value":"sex","type":"number","required":true},{"label":"capitalgain\t","value":"capitalgain","type":"number","required":true},{"label":"capitalloss","value":"capitalloss","type":"number","required":true},{"label":"hoursperweek","value":"hoursperweek","type":"number","required":true}],"formValue":{"op1":"","op2":"","age":"","workclass":"","education":"","sex":"","capitalgain":"","capitalloss":"","hoursperweek":""},"payload":"","submit":"","cancel":"","topic":"","x":55,"y":249,"wires":[["1710cef8.1540a1"]]},{"id":"7f1f884d.615838","type":"debug","z":"ef8f7d45.1dfdc","name":"","active":true,"tosidebar":true,"console":false,"tostatus":false,"complete":"false","x":500,"y":280,"wires":[]},{"id":"b41d5406.6c6178","type":"debug","z":"ef8f7d45.1dfdc","name":"","active":true,"tosidebar":true,"console":false,"tostatus":false,"complete":"false","x":280,"y":60,"wires":[]},{"id":"49a50b77.c21b04","type":"ui_group","z":"","name":"Input Parameters","tab":"65a2aa7f.b13504","order":4,"disp":true,"width":"6","collapse":false},{"id":"65a2aa7f.b13504","type":"ui_tab","z":"","name":"Home","icon":"dashboard","disabled":false,"hidden":false}]