age, workclass, education, occupation, sex, capital-gain, capital-loss, hours-per-week, native-country,Income
39, State-gov, Bachelors, Adm-clerical, Male,2174,0,40, United-States,31626
50, State-gov, Bachelors, Exec-managerial, Male,0,0,13, United-States,42802
38, Private, HS-grad, Adm-clerical, Male,0,0,40, United-States,46584
28, Private, Bachelors, Exec-managerial, Female,0,0,40, Cuba,49040
52, State-gov, HS-grad, Exec-managerial, Male,0,0,45, United-States,41201
42, Private, Bachelors, Exec-managerial, Male,5178,0,40, United-States,46779
30, State-gov, Bachelors, Exec-managerial, Male,0,0,40, India,46470
23, Private, Bachelors, Adm-clerical, Female,0,0,30, United-States,35503
25, State-gov, HS-grad, Adm-clerical, Male,0,0,35, United-States,42897
32, Private, HS-grad, Sales, Male,0,0,40, United-States,49720
54, Private, HS-grad, Adm-clerical, Female,0,0,20, United-States,30999
59, Private, HS-grad, Adm-clerical, Female,0,0,40, United-States,49769
19, Private, HS-grad, Sales, Male,0,0,40, United-States,41640
39, Private, HS-grad, Exec-managerial, Male,0,0,80, United-States,39267
49, Private, HS-grad, Sales, Male,0,0,40, United-States,34762
45, Private, Bachelors, Exec-managerial, Male,0,1408,40, United-States,35622
19, Private, HS-grad, Adm-clerical, Female,0,0,25, United-States,47922
53, State-gov, Bachelors, Exec-managerial, Male,0,0,40, United-States,36742
24, Private, Bachelors, Adm-clerical, Male,0,0,50, United-States,46387
49, Private, HS-grad, Adm-clerical, Female,0,0,40, United-States,48749
25, Private, HS-grad, Adm-clerical, Male,0,0,35, United-States,43550
53, Private, HS-grad, Sales, Male,0,0,38, United-States,50314
44, Private, HS-grad, Exec-managerial, Female,0,0,40, United-States,42737
41, State-gov, HS-grad, Sales, Male,0,0,40, United-States,49205
29, Private, HS-grad, Exec-managerial, Male,0,0,43, United-States,40311
25, Private, Bachelors, Exec-managerial, Female,0,0,40, United-States,43752
47, State-gov, HS-grad, Exec-managerial, Male,0,0,60, United-States,31830
43, Private, Bachelors, Adm-clerical, Male,0,0,40, United-States,39848
41, Private, HS-grad, Adm-clerical, Male,0,0,48, United-States,42163
30, Private, HS-grad, Sales, Male,5013,0,40, United-States,40699
30, Private, Bachelors, Sales, Male,2407,0,40, United-States,50345
48, Private, HS-grad, Exec-managerial, Male,0,0,40, United-States,47832
42, Private, Bachelors, Exec-managerial, Male,0,0,45, United-States,41797
29, Private, Bachelors, Adm-clerical, Male,0,0,58, United-States,43045
36, Private, HS-grad, Sales, Male,0,0,40, United-States,40131
28, Private, Bachelors, Adm-clerical, Female,0,0,40, United-States,35303
53, Private, HS-grad, Adm-clerical, Female,0,0,40, United-States,45402
49, State-gov, Bachelors, Exec-managerial, Male,0,0,50, United-States,50733
19, Private, Bachelors, Exec-managerial, Male,0,0,32, United-States,48130
31, Private, Bachelors, Sales, Female,0,0,40, United-States,31538
29, State-gov, Bachelors, Sales, Male,0,0,70, United-States,39608
23, Private, Bachelors, Sales, Male,0,0,40, United-States,37299
79, Private, Bachelors, Exec-managerial, Male,0,0,20, United-States,36613
40, Private, HS-grad, Adm-clerical, Male,0,0,40, United-States,31973
18, Private, HS-grad, Adm-clerical, Female,0,0,22, United-States,38387
18, Private, HS-grad, Sales, Male,0,0,30, United-States,41134
52, Private, Bachelors, Adm-clerical, Male,0,0,40, Cuba,45773
46, Private, HS-grad, Adm-clerical, Female,0,0,40, United-States,47090
59, Private, HS-grad, Sales, Male,0,0,48, United-States,34321
44, Private, HS-grad, Sales, Female,14344,0,40, United-States,46701
53, Private, HS-grad, Sales, Female,0,0,35, United-States,33970
33, Private, HS-grad, Exec-managerial, Male,0,0,50, United-States,47644
57, Private, HS-grad, Exec-managerial, Male,0,0,40, United-States,38875
37, Private, Bachelors, Sales, Female,0,0,40, United-States,35874
28, Private, Bachelors, Sales, Female,0,0,25, United-States,37480
30, Private, HS-grad, Sales, Female,0,1573,35,India,35685
48, State-gov, Bachelors, Exec-managerial, Male,0,1902,60, United-States,34187
37, Private, Bachelors, Sales, Male,0,0,48, United-States,34430
76, Private, HS-grad, Exec-managerial, Male,0,0,40, United-States,33148
44, Private, Bachelors, Exec-managerial, Male,15024,0,60, United-States,30293
47, State-gov, HS-grad, Exec-managerial, Female,0,0,50, United-States,38155
20, Private, Bachelors, Adm-clerical, Female,0,0,40, United-States,30104
29, Private, HS-grad, Sales, Male,0,0,40, United-States,35690
30, Private, HS-grad, Adm-clerical, Male,0,0,40, United-States,39942
42, Private, HS-grad, Adm-clerical, Male,0,0,40, United-States,43012
24, Private, Bachelors, Sales, Male,0,0,40, United-States,46851
28, Private, Bachelors, Sales, Female,4064,0,25, United-States,37397
36, Private, HS-grad, Sales, Female,0,0,40, United-States,35626
55, Private, Bachelors, Sales, Male,0,0,56, United-States,34808
22, Private, HS-grad, Sales, Male,0,0,41, United-States,40276
21, Private, Bachelors, Adm-clerical, Female,0,0,40, United-States,45906
40, Private, Bachelors, Exec-managerial, Male,0,0,60, United-States,44597
29, State-gov, Bachelors, Exec-managerial, Male,0,0,50, United-States,33681
19, Private, Bachelors, Adm-clerical, Male,0,0,35, United-States,39727
47, Private, Bachelors, Exec-managerial, Female,0,0,40, United-States,48696
20, Private, Bachelors, Adm-clerical, Female,0,1719,28, United-States,43903
31, Private, HS-grad, Adm-clerical, Male,0,0,40, United-States,36735
39, Private, Bachelors, Sales, Male,0,0,40, United-States,46126
28, Private, HS-grad, Sales, Female,0,0,60, United-States,37415
24, Private, HS-grad, Adm-clerical, Female,0,1762,40, United-States,46137
38, State-gov, HS-grad, Sales, Male,4386,0,35, United-States,47932
37, Private, Bachelors, Sales, Male,0,0,50, United-States,45037
46, Private, HS-grad, Adm-clerical, Female,0,0,36, United-States,41854
43, State-gov, HS-grad, Sales, Male,0,0,60, United-States,38609
27, Private, HS-grad, Adm-clerical, Female,0,0,35, United-States,48050
20, Private, Bachelors, Sales, Male,0,0,20, United-States,34930
49, Private, Bachelors, Sales, Male,0,0,40, United-States,46384
61, State-gov, HS-grad, Sales, Male,0,0,40, United-States,30661
27, Private, Bachelors, Sales, Female,0,0,40, United-States,46249
45, Private, HS-grad, Exec-managerial, Female,0,1564,40, United-States,48767
70, Private, Bachelors, Adm-clerical, Male,0,0,40, United-States,37291
31, Private, HS-grad, Exec-managerial, Female,0,0,30, United-States,36952
22, Private, Bachelors, Adm-clerical, Male,0,0,24, United-States,40552
36, Private, HS-grad, Adm-clerical, Female,0,0,24, United-States,48766
34, Private, HS-grad, Adm-clerical, Female,0,0,40, United-States,44024
21, Private, HS-grad, Sales, Male,0,0,35, United-States,41250
48, Private, HS-grad, Sales, Male,0,0,46, United-States,33692
23, Private, Bachelors, Adm-clerical, Male,0,0,40, United-States,34111
71, State-gov, Bachelors, Sales, Male,0,1816,2, United-States,39380
29, Private, HS-grad, Sales, Male,0,0,60, United-States,45700
42, Private, Bachelors, Adm-clerical, Male,0,0,50, United-States,35707
25, Private, HS-grad, Adm-clerical, Female,0,0,40, United-States,50730
45, State-gov, HS-grad, Sales, Male,0,0,40, United-States,47389
46, State-gov, HS-grad, Exec-managerial, Male,0,0,40, United-States,36762
18, Private, HS-grad, Adm-clerical, Male,0,0,16, United-States,30503
27, Private, HS-grad, Adm-clerical, Male,0,1980,40, United-States,30533
28, State-gov, HS-grad, Exec-managerial, Male,0,0,40, United-States,45249
51, Private, Bachelors, Sales, Male,0,1977,40, United-States,46697
27, Private, Bachelors, Sales, Male,0,0,50, United-States,37555
28, State-gov, Bachelors, Exec-managerial, Male,0,0,40, United-States,38368
27, Private, HS-grad, Sales, Female,0,0,25, United-States,39201
21, Private, HS-grad, Sales, Male,0,0,40, United-States,47242
34, Private, HS-grad, Adm-clerical, Male,0,0,40, United-States,45016
18, Private, HS-grad, Adm-clerical, Male,0,0,12, United-States,33588
33, Private, Bachelors, Exec-managerial, Male,0,0,65, United-States,38928
43, Private, Bachelors, Adm-clerical, Female,0,0,40, United-States,31523
30, Private, Bachelors, Sales, Male,0,0,45, United-States,30276
34, Private, HS-grad, Adm-clerical, Male,0,0,40, United-States,40071
41, State-gov, Bachelors, Exec-managerial, Female,0,0,40, United-States,42637
31, Private, HS-grad, Exec-managerial, Female,0,0,50, United-States,48445
58, State-gov, Bachelors, Exec-managerial, Male,0,0,1, United-States,31596
38, Private, Bachelors, Sales, Female,0,0,28, United-States,46491
24, Private, Bachelors, Sales, Male,0,0,40, United-States,33285
47, Private, Bachelors, Adm-clerical, Male,0,0,45, United-States,48939
36, Private, Bachelors, Sales, Male,0,0,40, United-States,33211
35, Private, HS-grad, Exec-managerial, Male,7298,0,40, United-States,44000
24, State-gov, HS-grad, Sales, Male,0,0,40, United-States,43858
26, Private, HS-grad, Exec-managerial, Female,0,1876,40, United-States,43845
51, Private, Bachelors, Exec-managerial, Male,0,0,50, United-States,36421
37, State-gov, HS-grad, Adm-clerical, Female,0,0,35, United-States,40257
18, Private, HS-grad, Sales, Female,0,0,40, United-States,48175
36, Private, Bachelors, Adm-clerical, Male,7298,0,36, United-States,37950
35, Private, HS-grad, Sales, Male,0,0,60, United-States,31600
17, Private, HS-grad, Sales, Female,0,0,12, United-States,36372
37, Private, HS-grad, Sales, Male,0,0,40, United-States,43041
35, Private, Bachelors, Sales, Female,0,0,40, United-States,30341
60, Private, HS-grad, Sales, Male,0,0,40, United-States,48463
37, Private, Bachelors, Exec-managerial, Male,0,0,60, United-States,43644
50, Private, HS-grad, Sales, Female,0,0,40, United-States,33180
45, Private, Bachelors, Exec-managerial, Male,0,0,55, United-States,40638
25, Private, Bachelors, Sales, Male,0,0,40, United-States,41207
31, Private, Bachelors, Adm-clerical, Male,0,0,40, United-States,42404
90, Private, HS-grad, Adm-clerical, Male,0,2206,40, United-States,32460
54, Private, HS-grad, Adm-clerical, Male,0,0,20, United-States,41855
18, Private, HS-grad, Sales, Female,0,0,40, United-States,40374
66, State-gov, HS-grad, Adm-clerical, Male,1409,0,50, United-States,31906
65, Private, HS-grad, Adm-clerical, Female,0,0,40, United-States,37219
35, Private, HS-grad, Exec-managerial, Male,3674,0,40, United-States,41130
41, Private, HS-grad, Sales, Female,0,0,38, United-States,30753
25, Private, Bachelors, Adm-clerical, Male,0,0,42, United-States,32186
33, Private, Bachelors, Sales, Female,0,0,40, United-States,46586
28, Private, HS-grad, Exec-managerial, Male,0,0,55, United-States,46392
59, State-gov, HS-grad, Adm-clerical, Male,0,0,40, United-States,36715
40, State-gov, Bachelors, Adm-clerical, Female,0,0,38, United-States,31020
23, Private, HS-grad, Exec-managerial, Male,0,0,40, United-States,46787
40, Private, Bachelors, Exec-managerial, Male,0,0,40, United-States,50033
41, State-gov, HS-grad, Adm-clerical, Female,0,0,20, United-States,50346
24, State-gov, HS-grad, Exec-managerial, Male,0,0,50, United-States,32086
38, Private, Bachelors, Sales, Male,0,1741,40, United-States,32767
58, Private, HS-grad, Adm-clerical, Male,0,0,45, United-States,50747
32, Private, HS-grad, Adm-clerical, Female,0,0,34, United-States,48381
40, Private, HS-grad, Adm-clerical, Male,0,1977,60, United-States,32972
45, Private, HS-grad, Adm-clerical, Male,0,0,40, Cuba,46212
41, Private, HS-grad, Exec-managerial, Female,0,0,40, United-States,34588
42, Private, Bachelors, Adm-clerical, Female,0,0,40, United-States,36346
58, Private, Bachelors, Exec-managerial, Male,0,0,20, United-States,47613
20, Private, HS-grad, Adm-clerical, Female,0,0,40, United-States,30498
32, Private, HS-grad, Adm-clerical, Female,0,0,30, United-States,40064
45, Private, HS-grad, Exec-managerial, Female,0,0,45, United-States,47100
50, Private, HS-grad, Sales, Male,0,0,40, United-States,42041
36, Private, Bachelors, Exec-managerial, Female,0,0,40, United-States,49596
45, Private, HS-grad, Sales, Male,0,0,60, United-States,47635
17, Private, HS-grad, Adm-clerical, Male,0,0,12, United-States,47026
59, Private, Bachelors, Sales, Male,4064,0,40, United-States,33561
26, Private, HS-grad, Sales, Male,0,0,40, United-States,41879
64, Private, HS-grad, Exec-managerial, Male,0,0,40, United-States,35383
33, Private, Bachelors, Exec-managerial, Female,0,0,45, United-States,50020
33, Private, HS-grad, Sales, Female,0,0,40, United-States,34720
61, Private, HS-grad, Exec-managerial, Male,0,0,40, United-States,45936
17, Private, HS-grad, Adm-clerical, Male,1055,0,24, United-States,39234
50, State-gov, HS-grad, Adm-clerical, Male,2407,0,98, United-States,47935
30, Private, HS-grad, Exec-managerial, Female,0,0,40, United-States,34644
43, Private, HS-grad, Adm-clerical, Male,0,0,40, United-States,38277
44, Private, Bachelors, Sales, Male,7298,0,40, United-States,41072
35, Private, Bachelors, Exec-managerial, Female,0,0,40, United-States,49289
25, Private, Bachelors, Adm-clerical, Female,0,0,40, United-States,31193
24, Private, Bachelors, Sales, Female,7298,0,48, United-States,30955
34, Private, HS-grad, Sales, Female,0,0,45, United-States,32022
60, Private, Bachelors, Exec-managerial, Female,0,0,42, United-States,46634
21, Private, HS-grad, Adm-clerical, Male,0,0,40, United-States,45195
41, Private, HS-grad, Exec-managerial, Male,0,0,60, United-States,39297
50, Private, Bachelors, Adm-clerical, Male,0,0,45, United-States,39188
25, Private, Bachelors, Exec-managerial, Female,0,0,40, United-States,44992
36, Private, Bachelors, Exec-managerial, Male,0,0,45, United-States,43627
31, Private, HS-grad, Exec-managerial, Female,0,0,40, United-States,34517
21, Private, Bachelors, Sales, Male,0,0,45, United-States,32108
27, Private, Bachelors, Adm-clerical, Female,0,0,40, United-States,41049
65, Private, HS-grad, Exec-managerial, Male,0,0,16, United-States,41381
24, Private, HS-grad, Sales, Male,0,0,40, United-States,34781
38, Private, HS-grad, Sales, Male,0,0,80, United-States,37822
48, Private, Bachelors, Adm-clerical, Male,7688,0,40, United-States,49769
21, Private, Bachelors, Adm-clerical, Female,0,0,25, United-States,38009
31, Private, HS-grad, Exec-managerial, Male,0,0,45, United-States,45255
55, Private, HS-grad, Sales, Male,4386,0,40, United-States,49093
43, Private, HS-grad, Adm-clerical, Female,0,0,40, United-States,41361
26, Private, HS-grad, Adm-clerical, Male,0,0,45, United-States,49095
46, Private, HS-grad, Exec-managerial, Female,0,0,33, United-States,47190
35, Private, HS-grad, Adm-clerical, Male,0,0,40, United-States,39871
26, Private, Bachelors, Sales, Male,0,0,40, United-States,44645
36, State-gov, Bachelors, Exec-managerial, Female,0,0,40, United-States,37913
22, Private, Bachelors, Sales, Male,0,0,15, United-States,42724
24, Private, Bachelors, Sales, Male,0,0,40, United-States,37622
77, State-gov, Bachelors, Sales, Male,0,0,40, United-States,32966
29, Private, Bachelors, Adm-clerical, Female,0,0,40, United-States,44179
62, Private, HS-grad, Adm-clerical, Female,0,0,24, United-States,49749
39, State-gov, HS-grad, Exec-managerial, Male,0,0,40, United-States,40035
43, Private, Bachelors, Sales, Male,0,1485,50, United-States,40920
35, Private, HS-grad, Exec-managerial, Male,0,0,45, United-States,41290
29, Private, HS-grad, Exec-managerial, Female,0,0,40, United-States,41902
76, State-gov, HS-grad, Sales, Male,0,0,10, United-States,43707
63, State-gov, HS-grad, Adm-clerical, Male,0,0,45, United-States,41423
43, Private, Bachelors, Exec-managerial, Female,0,1887,50, United-States,44115
58, State-gov, HS-grad, Adm-clerical, Male,0,0,40, United-States,33194
66, Private, HS-grad, Exec-managerial, Male,2050,0,55, United-States,35770
41, Private, Bachelors, Sales, Male,0,0,45, United-States,43199
26, Private, Bachelors, Adm-clerical, Male,0,0,40, United-States,43217
47, Private, HS-grad, Adm-clerical, Male,0,0,40, United-States,41412
53, Private, HS-grad, Exec-managerial, Male,0,0,40, United-States,33828
30, Private, HS-grad, Sales, Male,0,0,40, United-States,30053
49, Private, HS-grad, Exec-managerial, Male,0,0,60, United-States,36389
45, Private, HS-grad, Adm-clerical, Male,0,0,40, United-States,40217
26, Private, HS-grad, Sales, Male,0,0,40, United-States,50009
38, Private, HS-grad, Sales, Male,7298,0,40, United-States,43325
36, State-gov, HS-grad, Exec-managerial, Male,7298,0,40, United-States,40603
33, Private, HS-grad, Adm-clerical, Male,0,0,20, United-States,40690
22, State-gov, Bachelors, Exec-managerial, Female,0,0,40, United-States,30028
43, State-gov, Bachelors, Sales, Male,0,0,42, United-States,38576
31, Private, Bachelors, Exec-managerial, Male,0,0,25, United-States,49897
33, Private, Bachelors, Exec-managerial, Male,0,0,40, United-States,49593
26, Private, HS-grad, Adm-clerical, Male,0,0,40, United-States,46811
33, Private, Bachelors, Exec-managerial, Male,0,0,40, United-States,49625
65, Private, HS-grad, Adm-clerical, Male,0,0,40, United-States,45496
40, Private, HS-grad, Adm-clerical, Male,0,0,40, United-States,30009
42, Private, HS-grad, Adm-clerical, Female,0,0,35, United-States,40649
36, Private, Bachelors, Adm-clerical, Female,0,0,24, United-States,30599
62, Private, HS-grad, Exec-managerial, Male,0,0,40, United-States,32746
43, Private, Bachelors, Exec-managerial, Male,0,0,45, United-States,32970
43, Private, Bachelors, Exec-managerial, Male,0,1564,45, United-States,39710
22, Private, HS-grad, Sales, Male,0,0,55, United-States,33050
28, Private, HS-grad, Sales, Male,0,0,40, United-States,47716
56, State-gov, Bachelors, Sales, Male,0,0,45, United-States,44745
22, Private, HS-grad, Sales, Female,0,0,15, United-States,42967
57, Private, Bachelors, Exec-managerial, Female,0,0,45, United-States,35526
39, Private, HS-grad, Sales, Female,0,0,40, United-States,41731
17, Private, HS-grad, Adm-clerical, Male,0,0,10, United-States,45912
40, State-gov, HS-grad, Sales, Male,0,0,38, United-States,35277
45, Private, HS-grad, Sales, Male,0,0,40, United-States,50618
44, Private, HS-grad, Sales, Male,0,0,40, United-States,44948
33, Private, HS-grad, Sales, Female,0,0,40, United-States,38749
23, Private, Bachelors, Sales, Male,0,0,40, United-States,39666
46, State-gov, HS-grad, Exec-managerial, Male,0,0,30, United-States,41804
38, Private, HS-grad, Sales, Male,0,0,50, United-States,48149
54, Private, HS-grad, Exec-managerial, Male,0,0,40, United-States,33175
25, Private, Bachelors, Sales, Male,0,0,40, United-States,30190
46, Private, Bachelors, Sales, Female,0,0,40, United-States,35180
23, Private, HS-grad, Adm-clerical, Female,0,0,25, United-States,32031
29, Private, HS-grad, Sales, Male,0,0,40, United-States,44561
44, Private, Bachelors, Adm-clerical, Female,0,2415,6, United-States,37927
19, Private, Bachelors, Adm-clerical, Female,0,0,16, United-States,47364
19, Private, HS-grad, Adm-clerical, Female,0,0,40, United-States,45840
35, Private, HS-grad, Adm-clerical, Female,0,0,40, United-States,48833
27, Private, Bachelors, Sales, Male,0,0,50, United-States,38992
46, State-gov, HS-grad, Sales, Male,0,0,40, United-States,49254
34, State-gov, Bachelors, Exec-managerial, Male,7688,0,45,India,48344
34, Private, HS-grad, Adm-clerical, Female,0,0,35, United-States,33310
44, Private, Bachelors, Adm-clerical, Male,0,0,40, United-States,50260
45, Private, Bachelors, Adm-clerical, Female,0,0,40, United-States,45024
25, Private, Bachelors, Exec-managerial, Male,0,0,55, United-States,31045
20, Private, Bachelors, Adm-clerical, Male,0,0,40, United-States,35342
28, Private, Bachelors, Adm-clerical, Female,0,0,40, United-States,49000
50, State-gov, Bachelors, Exec-managerial, Male,0,0,40, United-States,31579
34, Private, HS-grad, Adm-clerical, Female,0,0,64, United-States,31281
41, Private, HS-grad, Exec-managerial, Male,0,1977,65, United-States,32767
28, Private, HS-grad, Adm-clerical, Male,0,0,40, United-States,44827
46, State-gov, HS-grad, Sales, Male,0,0,25, United-States,36797
32, Private, Bachelors, Exec-managerial, Male,0,0,50, United-States,40472
24, Private, HS-grad, Adm-clerical, Female,0,0,40, United-States,47890
33, Private, Bachelors, Exec-managerial, Female,0,0,40, United-States,43655
46, Private, Bachelors, Exec-managerial, Male,15024,0,60, United-States,42182
31, State-gov, Bachelors, Sales, Male,0,0,40, United-States,41907
30, Private, HS-grad, Adm-clerical, Female,0,0,19, United-States,44711
34, State-gov, HS-grad, Exec-managerial, Female,0,0,40, United-States,46206
20, Private, Bachelors, Sales, Male,0,0,30, United-States,37247
17, Private, HS-grad, Adm-clerical, Male,2176,0,18, United-States,30904
32, State-gov, Bachelors, Exec-managerial, Female,0,0,40, United-States,49810
29, Private, HS-grad, Adm-clerical, Male,0,0,40, United-States,43849
33, Private, Bachelors, Sales, Female,0,0,35, United-States,37653
25, Private, HS-grad, Exec-managerial, Male,0,0,60, United-States,45844
30, Private, HS-grad, Adm-clerical, Female,0,0,25, United-States,46927
33, Private, HS-grad, Exec-managerial, Male,0,0,50, United-States,32479
23, Private, Bachelors, Adm-clerical, Male,0,0,40, United-States,42251
29, Private, Bachelors, Exec-managerial, Male,0,0,40, United-States,46195
45, Private, HS-grad, Adm-clerical, Female,0,0,28, United-States,49247
44, Private, Bachelors, Exec-managerial, Male,0,0,40, United-States,42246
20, Private, Bachelors, Sales, Male,0,0,35, United-States,34990
44, Private, HS-grad, Exec-managerial, Female,0,0,40, United-States,31768
51, Private, HS-grad, Sales, Male,0,0,40, United-States,34336
20, Private, HS-grad, Sales, Male,0,0,40, United-States,40264
19, Private, HS-grad, Sales, Female,0,0,40, United-States,50410
60, Private, HS-grad, Sales, Male,0,0,40, United-States,49944
42, Private, HS-grad, Exec-managerial, Male,0,0,40, India,47562
40, Private, HS-grad, Sales, Male,0,0,40, United-States,33642
30, Private, HS-grad, Exec-managerial, Female,0,0,40, United-States,47216
38, Private, Bachelors, Exec-managerial, Male,0,0,50, United-States,45538
23, Private, HS-grad, Exec-managerial, Male,0,0,60, United-States,39269
44, Private, HS-grad, Adm-clerical, Male,0,0,40, United-States,47177
32, Private, Bachelors, Exec-managerial, Male,0,0,50, United-States,49664
24, Private, Bachelors, Adm-clerical, Female,0,0,20, United-States,49939
37, Private, HS-grad, Adm-clerical, Female,0,0,60, United-States,41019
52, Private, HS-grad, Exec-managerial, Male,0,0,40, United-States,39462
38, Private, Bachelors, Exec-managerial, Male,0,0,40, United-States,37903
49, Private, HS-grad, Exec-managerial, Male,0,1977,45, United-States,42222
30, Private, Bachelors, Adm-clerical, Female,0,0,16, United-States,33144
60, Private, Bachelors, Exec-managerial, Male,0,0,40, United-States,40879
35, Private, HS-grad, Sales, Male,0,0,40, United-States,48623
30, Private, HS-grad, Exec-managerial, Male,0,0,60, United-States,47912
67, Private, HS-grad, Adm-clerical, Female,0,0,24, United-States,36036
46, Private, Bachelors, Sales, Female,0,0,40, United-States,30431
17, Private, HS-grad, Adm-clerical, Male,0,0,6, United-States,40810
22, Private, Bachelors, Adm-clerical, Male,0,0,30, United-States,43890
27, Private, Bachelors, Adm-clerical, Male,0,0,40, United-States,31701
23, Private, HS-grad, Adm-clerical, Female,0,0,35, United-States,38285
33, Private, HS-grad, Sales, Male,0,0,45, Portugal,39229
28, State-gov, Bachelors, Exec-managerial, Male,0,0,20, United-States,47421
41, Private, HS-grad, Sales, Female,0,0,40, United-States,37243
25, Private, Bachelors, Adm-clerical, Female,0,0,20, United-States,45702
38, Private, Bachelors, Sales, Male,15024,0,60, United-States,39827
40, Private, HS-grad, Adm-clerical, Female,0,0,35, United-States,32866
35, Private, HS-grad, Exec-managerial, Female,0,0,60, United-States,32373
34, Private, HS-grad, Exec-managerial, Female,0,0,25, United-States,34891
33, Private, Bachelors, Sales, Male,0,0,20, United-States,46655
41, Private, HS-grad, Adm-clerical, Female,0,0,36, United-States,44748
20, Private, Bachelors, Sales, Male,0,0,40, United-States,42874
26, Private, Bachelors, Exec-managerial, Female,0,0,35, United-States,39866
52, Private, Bachelors, Adm-clerical, Male,0,0,40, United-States,35045
58, Private, Bachelors, Adm-clerical, Female,0,0,42, France,50411
25, Private, Bachelors, Sales, Female,0,0,40, United-States,35211
24, Private, Bachelors, Exec-managerial, Male,0,0,40, United-States,31189
19, Private, Bachelors, Exec-managerial, Male,0,0,8, United-States,35515
43, Private, Bachelors, Exec-managerial, Male,0,0,40, United-States,44064
39, Private, HS-grad, Adm-clerical, Female,0,0,40, United-States,31599
49, Private, HS-grad, Adm-clerical, Male,0,1380,42, United-States,41973
32, Private, HS-grad, Sales, Male,0,0,45, United-States,43379
34, Private, Bachelors, Exec-managerial, Male,0,0,50, United-States,32738
28, Private, HS-grad, Sales, Male,0,0,45, United-States,48105
25, Private, Bachelors, Adm-clerical, Female,0,0,20, United-States,44627
34, Private, Bachelors, Exec-managerial, Male,0,0,50, United-States,31797
50, Private, HS-grad, Exec-managerial, Male,7688,0,50, United-States,47101
44, Private, Bachelors, Sales, Male,0,0,58, United-States,46681
28, Private, Bachelors, Sales, Female,0,0,40, United-States,48225
42, Private, Bachelors, Exec-managerial, Male,0,0,40, United-States,30273
74, Private, Bachelors, Adm-clerical, Female,0,0,9, United-States,49359
26, Private, HS-grad, Sales, Male,0,0,40, United-States,45691
36, Private, HS-grad, Adm-clerical, Male,0,0,40, United-States,49624
41, Private, HS-grad, Exec-managerial, Female,0,0,50, United-States,30843
67, Private, HS-grad, Exec-managerial, Male,20051,0,48, United-States,46880
29, Private, HS-grad, Sales, Male,0,0,40, United-States,48753
44, Private, Bachelors, Exec-managerial, Male,0,0,40, United-States,44899
29, Private, Bachelors, Exec-managerial, Male,0,0,40, United-States,41201
30, Private, Bachelors, Adm-clerical, Female,0,0,40, United-States,32792
